url;tegn;nuvaerende_title;foreslaaet_title
/ansvarsforsikring/;63;Ansvarsforsikring bil 2026 – Lovpligtig, hvad dækker den & pris;
/artikler/;63;Alle artikler om bilforsikring — 60 guider | Bilforsikringer.nu;
/audi/;66;Audi forsikring priser – Sammenlign priser på A3, Q5 & e-tron 2026;
/audi/a3/;64;Audi A3 Forsikring 2026 → Pris fra 5.500 kr. | Sammenlign Tilbud;
/beregn/;65;Beregn bilforsikring – få pris på din bilforsikring på 2 minutter;
/bilforsikring-brugt-bil/;63;Bilforsikring ved køb af brugt bil – hvad skal du have styr på?;
/billigste/;65;Billigste bilforsikring i Danmark 2026 — spar op til 3.000 kr./år;
/bonusklasse/;64;Bonusklasse på bilforsikring 2026 — forstå skalaen og spar penge;
/dacia/;64;Bilforsikring Dacia – Hvad koster det, og hvilken skal du vælge?;
/dacia/sandero/;67;Dacia Sandero forsikring 2026 → Danmarks billigste bil at forsikre?;
/delebil-bilforsikring/;65;Delebil og bilforsikring 2026 — er du dækket når du låner en bil?;
/emil-clausen/;69;Emil Rostgaard Clausen — ansvarshavende redaktør | Bilforsikringer.nu;
/erhverv/;64;Forsikring Erhverv | Skræddersyede Forsikringer til Virksomheder;
/forsikringsselskaber/;78;Forsikringsselskaber i Danmark 2026 — priser sammenlignet | Bilforsikringer.nu;
/hyundai/bayon/;69;Hyundai Bayon forsikring pris 2026 – første SUV og by-crossover guide;
/hyundai/i10/;68;Hyundai i10 forsikring pris – Danmarks billigste Hyundai at forsikre;
/hyundai/ix35/;66;Hyundai ix35 forsikring pris – brugt SUV guide og kasko beslutning;
/hyundai/kona/;66;Hyundai Kona forsikring pris – benzin og Kona Electric elbil guide;
/hyundai/santa-fe/;64;Hyundai Santa Fe forsikring pris – 7-sæder, hybrid og PHEV guide;
/hyundai/tucson/;70;Hyundai Tucson forsikring pris 2026 – hybrid, PHEV og familiebil guide;
/kia/ev6/;69;Kia EV6 forsikring 2026 → priser, batteridækning og billigste selskab;
/kia/ev9/;69;Kia EV9 forsikring 2026 → priser, batteridækning og billigste selskab;
/kia/sportage/;63;Kia Sportage forsikring 2026 → priser på hybrid, PHEV og benzin;
/mercedes/amg/;63;Mercedes-AMG forsikring pris 2026 – komplet guide alle modeller;
/nissan/qashqai/;65;Nissan Qashqai forsikring 2026 → priser på e-POWER og mild hybrid;
/ordbog/kilometerbegransning/;77;Kilometerbegrænsning på bilforsikring — hvad betyder det? | Forsikringsordbog;
/pensionist/;63;Bilforsikring som pensionist 2026 — pris, rabatter og sparetips;
/peugeot/206-pris/;63;Peugeot 206 forsikring pris 2026 – ikonisk folkebil brugt guide;
/polestar/;65;Polestar forsikring 2026 — Polestar 2, 3 og 4 | Sammenlign priser;
/redaktionel-metode/;69;Redaktionel metode — sådan tester og rangerer vi | Bilforsikringer.nu;
/tesla/model-x/;66;Tesla Model X Forsikring 2026 – Sammenlign Priser & Find Billigste;
/tesla/model3/;63;Tesla Model 3 Forsikring 2026 – Pris, Kasko & Billigste Selskab;
/tjm/;65;TJM Forsikring bilforsikring 2026 — bedst i test fra 3.600 kr./år;
/totalskade-bil/;66;Totalskade på bil – hvad sker der, og hvad får du udbetalt? (2026);
/toyota/corolla-cross/;64;Toyota Corolla Cross forsikring 2026 → priser på hybrid og AWD-i;
/volvo/;66;Volvo forsikring priser – sammenlign modeller | Bilforsikringer.nu;
